,mean,sd,eti89_lb,eti89_ub,ess_bulk,ess_tail,r_hat,mcse_mean,mcse_sd
alpha_station[Aotizhongxin],4.06571140265321,0.016371022204451895,4.040553525013897,4.09341017775826,14.824146947761445,24.085751412072618,1.14873153735187,0.004303354504835953,0.0016916392507079216
alpha_station[Changping],4.009979418599934,0.01713725741484869,3.983370110728072,4.039273535466526,18.194539311988,32.765058956499324,1.1280387377425356,0.004079529955631987,0.0013274738000982186
alpha_station[Dingling],3.881773701370127,0.017290862885843108,3.855863440829261,3.9108671336937784,19.28108571761669,33.17595122917991,1.1209294057069517,0.0039968154355259095,0.0012728958024764206
alpha_station[Dongsi],4.152970082687688,0.016125363040612847,4.127398197965168,4.179854458798688,14.26689217540592,22.415779591920888,1.15368224040633,0.004297356676443396,0.001753400885271039
alpha_station[Guanyuan],4.077907508550981,0.01656602356033015,4.0522801581417145,4.106937801582008,15.215659489954124,23.76708574834203,1.1441807012253216,0.004295377373032196,0.0017948094957322678
alpha_station[Gucheng],4.1195905055222815,0.01701569180880238,4.093883976775628,4.148099292385409,19.556564941092276,31.787595921492258,1.1178162098813769,0.003908635826877941,0.0014309352454480728
alpha_station[Huairou],3.867624597277633,0.01801242253237745,3.840127998057197,3.8982992019582534,18.881651237830514,37.417929711196784,1.1166731881140177,0.00421172731698844,0.0012614435180250197
alpha_station[Nongzhanguan],4.1360214043544685,0.016199881242141223,4.110569372122533,4.162056165028067,14.619730607812533,30.47684231895177,1.152826117759274,0.004271727526030294,0.001652361362956912
alpha_station[Shunyi],4.049350495937101,0.016284967009175654,4.0240055313699745,4.075597450104623,17.32992235485641,31.659021698870287,1.1293647515105982,0.003932931912560429,0.0016078644109181
alpha_station[Tiantan],4.115705162756238,0.016103629827264383,4.0909112353397,4.142358283744976,15.480932940085633,28.379459690363014,1.143189751409808,0.004129536892770199,0.0016262844364448674
alpha_station[Wanliu],4.041471441329231,0.016714751673211452,4.016575098804638,4.069784245361781,14.830293877256976,23.028477133882795,1.1527602398911616,0.004395253473736158,0.0016945243165141061
alpha_station[Wanshouxigong],4.128130111910606,0.01604628862967584,4.1030328509533165,4.154779515113156,15.039200512813066,33.97980479322601,1.1489200078196813,0.00414140606634039,0.0015931655672279466
gamma_group[background],3.87405083439998,0.04044129558471505,3.807956767178178,3.9384101348972957,176.0690073006366,298.26916855589303,1.0189897838188602,0.0030302601342221767,0.0012165242147857136
gamma_group[suburban_industrial],4.058239877406063,0.032890678621924956,4.006333383096316,4.108701151350081,82.73855614852653,248.3353643970206,1.0360950217685267,0.003559905039414977,0.0011725982914835822
gamma_group[urban],4.102761830346988,0.02396790715999005,4.0642483241947,4.139344067939714,37.4837110416054,156.70513062343127,1.059184319340986,0.0039023985466187837,0.0011068499081299298
"beta_station[Aotizhongxin, TEMP]",-0.6635053436824924,0.029557638505503202,-0.711629331729921,-0.6175982635942767,49.51641882936774,99.98645892833295,1.0541855543588543,0.004219103169482991,0.001361933978608698
"beta_station[Aotizhongxin, PRES]",-0.0006203843646100226,0.019442174997732382,-0.03224535833502672,0.03022199409120673,93.56836267807212,205.88695335916512,1.0161515800454664,0.0020158335282204226,0.0008088410509713995
"beta_station[Aotizhongxin, DEWP]",0.8229144754603919,0.02622585324870205,0.7809202644769654,0.8650555660078387,74.35598257710375,145.89157787900922,1.0353377446744478,0.0030437877597309774,0.0013185974015063107
"beta_station[Aotizhongxin, WSPM]",-0.010489389669052072,0.007744963973362419,-0.02281150606506942,0.001756119923379763,1252.330209419052,1401.8810437467637,1.0023710105660733,0.00021954480981242194,0.000137130784961472
"beta_station[Changping, TEMP]",-0.6815146204036865,0.02787308637420944,-0.7262467403077589,-0.6359600900107109,48.83588314275374,73.61669588933316,1.0538935664326259,0.003996038934544386,0.002255039669998833
"beta_station[Changping, PRES]",0.007073757563950403,0.019557796301120468,-0.02312481416442796,0.03738264089175391,92.82325007982796,171.4451113258248,1.0204830966428906,0.0020304871692402356,0.0008279467739584142
"beta_station[Changping, DEWP]",0.7879124983362283,0.02383387825860753,0.7501777453630237,0.824435678881833,77.79409120457332,145.6015133329108,1.0343437040121426,0.0027048984993441635,0.0012125385448841465
"beta_station[Changping, WSPM]",-0.03193549307582558,0.006620532081909878,-0.042803778642690304,-0.02162972304921308,1094.3476870355648,1293.0125305835663,1.0039237159581071,0.00020146600630958656,0.0001352544338241699
"beta_station[Dingling, TEMP]",-0.7933220808252215,0.029090888622560172,-0.8420731955819014,-0.7474908167700858,53.28321802106023,75.66169909542629,1.0492037894761348,0.003991326594610307,0.001873814969295614
"beta_station[Dingling, PRES]",-0.010056445145792571,0.020078671685460882,-0.04190277301499339,0.021515004180681092,94.65094220955943,173.15867974421343,1.0173145498333465,0.0020637249715178374,0.0008989505951125243
"beta_station[Dingling, DEWP]",0.9271660608540656,0.023964105080390794,0.8902019962807657,0.965354502529802,77.3774638612095,164.46842518905288,1.0361983203683987,0.0027289274752246647,0.0013397839544828146
"beta_station[Dingling, WSPM]",-0.034904371270463884,0.006707462427624734,-0.04521049659518071,-0.024160914176110587,1247.7620725976499,1503.9098985475669,1.0005895226577899,0.0001891454461081842,0.00013190622331580036
"beta_station[Dongsi, TEMP]",-0.6219168155729886,0.029047711905123674,-0.670698917028971,-0.5775594895609037,52.33240251875686,109.29633215734499,1.0495375976457153,0.004017952092049952,0.0015545910685218483
"beta_station[Dongsi, PRES]",-0.03733271105090088,0.01965353155267995,-0.06827934283713655,-0.005523932155595809,95.1770007746844,186.2203198250029,1.0152517086779376,0.0020136417767953265,0.0008466535761860606
"beta_station[Dongsi, DEWP]",0.751031096365253,0.024991210068204903,0.7115803321629697,0.7908960650843858,81.07386669177608,150.73142864238497,1.031978267185085,0.0027769386204296465,0.0013113335861723503
"beta_station[Dongsi, WSPM]",-0.05746215770156,0.006823504303988279,-0.06852966524223457,-0.04651114044551983,1129.1035623524854,1353.0479210186847,1.0031981594037098,0.0002023640011688312,0.00012287501229867525
"beta_station[Guanyuan, TEMP]",-0.6560586088859176,0.030020508133642352,-0.7046119520930226,-0.607743671229079,50.75128195683839,69.90335312089161,1.0539052147456487,0.004219072963927382,0.0016909200654225622
"beta_station[Guanyuan, PRES]",0.0015669797616282683,0.019727687082255377,-0.030315496713288263,0.0329478621512647,90.64504149730315,185.22992395841658,1.015604664409035,0.0020723391988808704,0.0008274788169976058
"beta_station[Guanyuan, DEWP]",0.8151210744774829,0.02639439827754976,0.7745457421577013,0.8566570475678174,76.35604709434502,145.68482727996675,1.0364771851350167,0.0030337788152582147,0.001395788126635686
"beta_station[Guanyuan, WSPM]",-0.03156856415889556,0.007365211698798604,-0.043618979821348894,-0.019796505159725763,1131.0994499336568,1415.7015979816313,1.0034266830980174,0.00021913970744874735,0.00013526205397162598
"beta_station[Gucheng, TEMP]",-0.6222416186164093,0.0286190126114473,-0.6683358341230651,-0.577821099832498,46.82985754484351,93.32244208506428,1.0626749468904002,0.004194985033356484,0.0015455797091415932
"beta_station[Gucheng, PRES]",0.020702693639481348,0.020029827253352506,-0.011286825417675516,0.05209057482406108,91.4430244727885,199.9537327289424,1.0189043318297084,0.002096510910964115,0.0008719204954758411
"beta_station[Gucheng, DEWP]",0.7317090610279331,0.025179253714361256,0.6923445012933456,0.7728929894089657,71.98267212295124,137.95281053629543,1.041545845051691,0.0029604291122105023,0.0012358837488091047
"beta_station[Gucheng, WSPM]",-0.04844198748945468,0.007071199285495203,-0.05964979654268954,-0.03689456629303407,1495.5372585082528,1489.8665418558055,1.0007997134502342,0.00018322678809350737,0.00013191838815635476
"beta_station[Huairou, TEMP]",-0.6550239007792097,0.031006205419347312,-0.7054848983414933,-0.6044286164616417,48.98369762195399,106.7272887263944,1.0571433158130985,0.004424281687238467,0.0017516809332825348
"beta_station[Huairou, PRES]",0.029989619729483843,0.019685515295796548,-0.0004827719800259271,0.06110952576630561,91.85494679125675,211.59628572339614,1.0200618630290854,0.00203982669578387,0.0009158904572261388
"beta_station[Huairou, DEWP]",0.8340232339023778,0.026043869667232312,0.7926739960692316,0.8758419328117205,73.5806891304776,149.977785600942,1.0433646349802908,0.003057117459035825,0.0015280388693304572
"beta_station[Huairou, WSPM]",0.013953453587917457,0.007324005454213599,0.0018937387264414975,0.025756348566141545,1193.4868958384757,1507.7793754019776,1.0027348647095913,0.00021261484138176262,0.00013203282127856452
"beta_station[Nongzhanguan, TEMP]",-0.6596952536877042,0.028719701999255956,-0.7064442024183835,-0.6124419051937119,48.26593154709086,73.38790727143639,1.0556594123247707,0.004136365812055369,0.002164914789478121
"beta_station[Nongzhanguan, PRES]",-0.03437648188056577,0.019906863353620893,-0.06625445246812506,-0.003467810665927893,95.95044767046443,208.24908257158233,1.018470380130153,0.0020305180524580867,0.0008385086461151059
"beta_station[Nongzhanguan, DEWP]",0.7525871653030682,0.025222114312821294,0.7129207879167999,0.794019684814131,73.94500329566719,126.32874128863693,1.0416574551330897,0.002942058766840396,0.001447043565871783
"beta_station[Nongzhanguan, WSPM]",-0.04971832466010866,0.006699860894382614,-0.060587593653504336,-0.039330454256604086,1093.1977995618859,1330.5380618919341,1.0018941759373734,0.0002026573887545839,0.00012164058088660335
"beta_station[Shunyi, TEMP]",-0.6934102018065212,0.02968117046101276,-0.7421551462958045,-0.6456617539492191,53.637088155927735,65.60555593959972,1.0484390716749652,0.004057954796672925,0.0019887124316939897
"beta_station[Shunyi, PRES]",-0.01605027775362164,0.019410567960752224,-0.04747602602453639,0.013657295003805109,93.36078591895095,200.1795028389201,1.0165962120721708,0.0020155056838739153,0.0008750469866508136
"beta_station[Shunyi, DEWP]",0.8491061660572742,0.02597682827231019,0.8085842498247596,0.8895295133526611,81.80698071700824,154.98899121699665,1.0363128620801343,0.0028865165032633745,0.0014727470830127188
"beta_station[Shunyi, WSPM]",0.007457832326281647,0.0067702290652557956,-0.003575713888279403,0.018054836660276373,1118.7351093270026,1381.4238994948885,1.0012251121488778,0.0002029009310537387,0.00012949186565356952
"beta_station[Tiantan, TEMP]",-0.6365012268573781,0.028364760202527168,-0.6818798527143484,-0.5908317715101251,49.43153632620779,125.39766272674028,1.0592848468805334,0.004034610127648407,0.0013342664308495932
"beta_station[Tiantan, PRES]",-0.03507749040262068,0.019481414136197434,-0.06665610345883625,-0.004569059546783389,98.73090146038153,197.33224158859082,1.011257786930635,0.001966752179135323,0.0008037824107106867
"beta_station[Tiantan, DEWP]",0.7460233642375543,0.02512157629327375,0.707267420709916,0.7855163972532708,72.30930390518647,173.0269531793998,1.0497577701205885,0.002954312010233532,0.0013030864788255599
"beta_station[Tiantan, WSPM]",-0.04470955504755373,0.0067921768230602255,-0.0554619344113767,-0.033840875768173816,1157.4200681672187,1408.8935144641994,1.0006078663717446,0.00019932685598242803,0.00012347662760384142
"beta_station[Wanliu, TEMP]",-0.7191911163430073,0.030911532535904857,-0.7686220201619424,-0.6687823706194682,52.54885173133168,96.23453986272449,1.0538352885112898,0.0042634505062219335,0.0017264120068303413
"beta_station[Wanliu, PRES]",-0.01636754139546612,0.019585135442353848,-0.048057646312559744,0.014624401319918547,98.39609494761753,205.35146342302062,1.0142504311844753,0.001975055371985023,0.0008264316451808921
"beta_station[Wanliu, DEWP]",0.8384941172483033,0.027674555588126586,0.7947655797120984,0.8815192983252668,72.55622430342987,133.89541507604454,1.0394520216582623,0.0032436731712763905,0.0015311682421693944
"beta_station[Wanliu, WSPM]",-0.04063315392418011,0.008689933485517746,-0.05469933214384158,-0.027401186236788038,1108.8002931639828,1516.7569356243214,1.0023480438056898,0.0002609530991325714,0.00017495157553161194
"beta_station[Wanshouxigong, TEMP]",-0.661707608814663,0.028816709897617074,-0.708940885231019,-0.6155803350481933,48.33891860470728,59.28057410611245,1.051053847286285,0.004153155481380849,0.001923305095563731
"beta_station[Wanshouxigong, PRES]",-0.021972155892626497,0.01902427470534301,-0.052160229520738156,0.007662369370415131,87.06669779399601,176.1071749948203,1.0204791992015791,0.0020374370041673162,0.0008623848628319822
"beta_station[Wanshouxigong, DEWP]",0.7504575690093941,0.025758284208788954,0.7096658215136812,0.791636714070187,75.15148991596749,129.0743198311524,1.0460255687504367,0.002971092295330663,0.0014234687712125506
"beta_station[Wanshouxigong, WSPM]",-0.051483910294602454,0.007438797383935965,-0.06358474264617375,-0.03979885523567087,906.6410560883219,1445.8606262630553,1.0028544583608083,0.0002462375897579083,0.00013405855768892908
beta_global[TEMP],-0.671745155301241,0.028871469862240068,-0.7191444626850432,-0.6278869865121643,46.59173490399745,82.1831274288686,1.054919258430205,0.00413264141614449,0.0014944795130653863
beta_global[PRES],-0.009355269328933024,0.01891798109850436,-0.04008543310575155,0.02057059660030848,83.80536462998954,188.773411792831,1.0157361150291309,0.00206614081604717,0.0008639146071403762
beta_global[DEWP],0.8000411569468642,0.031032825664521063,0.7507505105270301,0.8476516905226166,88.78117273802951,172.23121524305492,1.0354871759363364,0.003225450586284716,0.0016375512503583726
beta_global[WSPM],-0.03154951725256989,0.008902374498267213,-0.045453812948044986,-0.017968929331198195,309.41266565561006,496.88976399483204,1.0082296302865161,0.0005107879197487561,0.0003527497562000393
